"","age","hours-per-week","workclass_ State-gov","education_ Doctorate","marital-status_ Never-married"
"1",-0.810082438880127,-0.377564675973248,0.00284045786246909,-0.0845203390863894,1.44959252979694
"2",0.383869982138845,0.12951964132419,0.00692979614450584,0.014995618883123,-0.683477733978742
